timeStamp,elapsed,label,responseCode,responseMessage,threadName,dataType,success,failureMessage,bytes,sentBytes,grpThreads,allThreads,URL,Latency,IdleTime,Connect
1687726736481,3368,HTTP Request,200,OK,Thread Group 1-1,text,true,,350,589,3,3,http://172.31.90.184:8000,3363,0,34
1687726736484,3371,HTTP Request,200,OK,Thread Group 1-2,text,true,,350,589,3,3,http://172.31.90.184:8000,3371,0,35
1687726736747,3634,HTTP Request,200,OK,Thread Group 1-3,text,true,,349,589,3,3,http://172.31.90.184:8000,3634,0,36
1687726739469,2980,HTTP Request,200,OK,Thread Group 1-2,text,true,,349,589,3,3,http://172.31.90.184:8000,2980,0,1
1687726739681,3193,HTTP Request,200,OK,Thread Group 1-1,text,true,,349,589,3,3,http://172.31.90.184:8000,3193,0,2
1687726740384,3636,HTTP Request,200,OK,Thread Group 1-3,text,true,,349,589,3,3,http://172.31.90.184:8000,3636,0,3
1687726742523,3052,HTTP Request,200,OK,Thread Group 1-2,text,true,,350,589,3,3,http://172.31.90.184:8000,3052,0,1
1687726743188,3506,HTTP Request,200,OK,Thread Group 1-1,text,true,,349,589,3,3,http://172.31.90.184:8000,3506,0,1
1687726743887,3501,HTTP Request,200,OK,Thread Group 1-3,text,true,,349,589,3,3,http://172.31.90.184:8000,3501,0,1
1687726745805,3281,HTTP Request,200,OK,Thread Group 1-2,text,true,,349,589,3,3,http://172.31.90.184:8000,3281,0,1
1687726746552,3363,HTTP Request,200,OK,Thread Group 1-1,text,true,,349,589,3,3,http://172.31.90.184:8000,3363,0,1
1687726747156,3268,HTTP Request,200,OK,Thread Group 1-3,text,true,,349,589,3,3,http://172.31.90.184:8000,3268,0,1
1687726748935,3129,HTTP Request,200,OK,Thread Group 1-2,text,true,,349,589,3,3,http://172.31.90.184:8000,3129,0,1
1687726749870,3318,HTTP Request,200,OK,Thread Group 1-1,text,true,,349,589,3,3,http://172.31.90.184:8000,3318,0,1
1687726750544,3388,HTTP Request,200,OK,Thread Group 1-3,text,true,,349,589,3,3,http://172.31.90.184:8000,3388,0,1
1687726752175,3239,HTTP Request,200,OK,Thread Group 1-2,text,true,,349,589,3,3,http://172.31.90.184:8000,3239,0,1
1687726753234,3363,HTTP Request,200,OK,Thread Group 1-1,text,true,,349,589,3,3,http://172.31.90.184:8000,3363,0,0
1687726753993,3448,HTTP Request,200,OK,Thread Group 1-3,text,true,,349,589,3,3,http://172.31.90.184:8000,3448,0,1
1687726755694,3518,HTTP Request,200,OK,Thread Group 1-2,text,true,,349,589,3,3,http://172.31.90.184:8000,3518,0,1
1687726756555,3320,HTTP Request,200,OK,Thread Group 1-1,text,true,,350,589,3,3,http://172.31.90.184:8000,3320,0,1
1687726757354,3360,HTTP Request,200,OK,Thread Group 1-3,text,true,,349,589,3,3,http://172.31.90.184:8000,3360,0,1
1687726759100,3405,HTTP Request,200,OK,Thread Group 1-2,text,true,,349,589,3,3,http://172.31.90.184:8000,3405,0,1
1687726759519,2963,HTTP Request,200,OK,Thread Group 1-1,text,true,,349,589,3,3,http://172.31.90.184:8000,2963,0,2
1687726760795,3440,HTTP Request,200,OK,Thread Group 1-3,text,true,,349,589,3,3,http://172.31.90.184:8000,3439,0,1
1687726762245,3145,HTTP Request,200,OK,Thread Group 1-2,text,true,,349,589,3,3,http://172.31.90.184:8000,3145,0,1
1687726762986,3467,HTTP Request,200,OK,Thread Group 1-1,text,true,,349,589,3,3,http://172.31.90.184:8000,3467,0,1
1687726764120,3325,HTTP Request,200,OK,Thread Group 1-3,text,true,,349,589,3,3,http://172.31.90.184:8000,3325,0,1
1687726765709,3463,HTTP Request,200,OK,Thread Group 1-2,text,true,,349,589,3,3,http://172.31.90.184:8000,3463,0,1
1687726766228,3241,HTTP Request,200,OK,Thread Group 1-1,text,true,,349,589,3,3,http://172.31.90.184:8000,3241,0,4
1687726767461,3340,HTTP Request,200,OK,Thread Group 1-3,text,true,,349,589,3,3,http://172.31.90.184:8000,3340,0,1
1687726768948,3238,HTTP Request,200,OK,Thread Group 1-2,text,true,,349,589,3,3,http://172.31.90.184:8000,3238,0,1
1687726769904,3675,HTTP Request,200,OK,Thread Group 1-1,text,true,,349,589,3,3,http://172.31.90.184:8000,3675,0,2
1687726770539,3077,HTTP Request,200,OK,Thread Group 1-3,text,true,,350,589,3,3,http://172.31.90.184:8000,3077,0,1
1687726772233,3284,HTTP Request,200,OK,Thread Group 1-2,text,true,,348,589,3,3,http://172.31.90.184:8000,3284,0,1
1687726773264,3359,HTTP Request,200,OK,Thread Group 1-1,text,true,,349,589,3,3,http://172.31.90.184:8000,3359,0,1
1687726774052,3513,HTTP Request,200,OK,Thread Group 1-3,text,true,,349,589,3,3,http://172.31.90.184:8000,3513,0,1
1687726775243,3010,HTTP Request,200,OK,Thread Group 1-2,text,true,,348,589,3,3,http://172.31.90.184:8000,3010,0,2
1687726776531,3266,HTTP Request,200,OK,Thread Group 1-1,text,true,,349,589,3,3,http://172.31.90.184:8000,3266,0,1
1687726777604,3552,HTTP Request,200,OK,Thread Group 1-3,text,true,,348,589,3,3,http://172.31.90.184:8000,3552,0,4
1687726778384,3140,HTTP Request,200,OK,Thread Group 1-2,text,true,,349,589,3,3,http://172.31.90.184:8000,3140,0,1
1687726779958,3426,HTTP Request,200,OK,Thread Group 1-1,text,true,,349,589,3,3,http://172.31.90.184:8000,3426,0,1
1687726780874,3269,HTTP Request,200,OK,Thread Group 1-3,text,true,,348,589,3,3,http://172.31.90.184:8000,3269,0,1
1687726781993,3608,HTTP Request,200,OK,Thread Group 1-2,text,true,,349,589,3,3,http://172.31.90.184:8000,3608,0,1
1687726783261,3301,HTTP Request,200,OK,Thread Group 1-1,text,true,,349,589,3,3,http://172.31.90.184:8000,3301,0,1
1687726783887,3011,HTTP Request,200,OK,Thread Group 1-3,text,true,,349,589,3,3,http://172.31.90.184:8000,3011,0,1
1687726785127,3133,HTTP Request,200,OK,Thread Group 1-2,text,true,,349,589,3,3,http://172.31.90.184:8000,3133,0,1
1687726786691,3429,HTTP Request,200,OK,Thread Group 1-1,text,true,,349,589,3,3,http://172.31.90.184:8000,3429,0,1
1687726787256,3369,HTTP Request,200,OK,Thread Group 1-3,text,true,,349,589,3,3,http://172.31.90.184:8000,3369,0,1
1687726788311,3184,HTTP Request,200,OK,Thread Group 1-2,text,true,,349,589,3,3,http://172.31.90.184:8000,3184,0,1
1687726790190,3498,HTTP Request,200,OK,Thread Group 1-1,text,true,,350,589,3,3,http://172.31.90.184:8000,3498,0,0
1687726790799,3543,HTTP Request,200,OK,Thread Group 1-3,text,true,,349,589,3,3,http://172.31.90.184:8000,3543,0,1
1687726791327,3016,HTTP Request,200,OK,Thread Group 1-2,text,true,,349,589,3,3,http://172.31.90.184:8000,3016,0,1
1687726793741,3550,HTTP Request,200,OK,Thread Group 1-1,text,true,,350,589,3,3,http://172.31.90.184:8000,3550,0,1
1687726794082,3282,HTTP Request,200,OK,Thread Group 1-3,text,true,,349,589,3,3,http://172.31.90.184:8000,3282,0,1
1687726794421,3093,HTTP Request,200,OK,Thread Group 1-2,text,true,,348,589,3,3,http://172.31.90.184:8000,3093,0,1
1687726796838,3096,HTTP Request,200,OK,Thread Group 1-1,text,true,,350,589,3,3,http://172.31.90.184:8000,3096,0,0
1687726797323,3241,HTTP Request,200,OK,Thread Group 1-3,text,true,,349,589,3,3,http://172.31.90.184:8000,3241,0,1
1687726797932,3510,HTTP Request,200,OK,Thread Group 1-2,text,true,,349,589,3,3,http://172.31.90.184:8000,3510,0,3
1687726800082,3244,HTTP Request,200,OK,Thread Group 1-1,text,true,,349,589,3,3,http://172.31.90.184:8000,3244,0,1
1687726800451,3127,HTTP Request,200,OK,Thread Group 1-3,text,true,,348,589,3,3,http://172.31.90.184:8000,3127,0,1
1687726801511,3578,HTTP Request,200,OK,Thread Group 1-2,text,true,,349,589,3,3,http://172.31.90.184:8000,3578,0,1
1687726805930,5848,HTTP Request,200,OK,Thread Group 1-1,text,true,,350,589,3,3,http://172.31.90.184:8000,5848,0,1
1687726806767,6317,HTTP Request,200,OK,Thread Group 1-3,text,true,,349,589,3,3,http://172.31.90.184:8000,6317,0,1
1687726808574,7064,HTTP Request,200,OK,Thread Group 1-2,text,true,,349,589,3,3,http://172.31.90.184:8000,7064,0,1
1687726809242,3311,HTTP Request,200,OK,Thread Group 1-1,text,true,,349,589,3,3,http://172.31.90.184:8000,3311,0,1
1687726811578,4810,HTTP Request,200,OK,Thread Group 1-3,text,true,,349,589,3,3,http://172.31.90.184:8000,4810,0,5
1687726812321,3746,HTTP Request,200,OK,Thread Group 1-2,text,true,,348,589,3,3,http://172.31.90.184:8000,3746,0,1
1687726812654,3411,HTTP Request,200,OK,Thread Group 1-1,text,true,,349,589,3,3,http://172.31.90.184:8000,3411,0,1
1687726817271,5693,HTTP Request,200,OK,Thread Group 1-3,text,true,,349,589,3,3,http://172.31.90.184:8000,5693,0,2
1687726818126,5804,HTTP Request,200,OK,Thread Group 1-2,text,true,,349,589,3,3,http://172.31.90.184:8000,5804,0,1
1687726818271,5616,HTTP Request,200,OK,Thread Group 1-1,text,true,,349,589,3,3,http://172.31.90.184:8000,5616,0,0
1687726820603,3332,HTTP Request,200,OK,Thread Group 1-3,text,true,,349,589,3,3,http://172.31.90.184:8000,3332,0,1
1687726821429,3302,HTTP Request,200,OK,Thread Group 1-2,text,true,,349,589,3,3,http://172.31.90.184:8000,3302,0,1
1687726821703,3430,HTTP Request,200,OK,Thread Group 1-1,text,true,,349,589,3,3,http://172.31.90.184:8000,3430,0,0
1687726824021,3417,HTTP Request,200,OK,Thread Group 1-3,text,true,,349,589,3,3,http://172.31.90.184:8000,3417,0,1
1687726824612,3182,HTTP Request,200,OK,Thread Group 1-2,text,true,,349,589,3,3,http://172.31.90.184:8000,3182,0,1
1687726825093,3389,HTTP Request,200,OK,Thread Group 1-1,text,true,,349,589,3,3,http://172.31.90.184:8000,3389,0,1
1687726827084,3062,HTTP Request,200,OK,Thread Group 1-3,text,true,,349,589,3,3,http://172.31.90.184:8000,3062,0,2
1687726828059,3446,HTTP Request,200,OK,Thread Group 1-2,text,true,,349,589,3,3,http://172.31.90.184:8000,3446,0,1
1687726828366,3272,HTTP Request,200,OK,Thread Group 1-1,text,true,,349,589,3,3,http://172.31.90.184:8000,3272,0,1
1687726830392,3307,HTTP Request,200,OK,Thread Group 1-3,text,true,,349,589,3,3,http://172.31.90.184:8000,3307,0,0
1687726831304,3244,HTTP Request,200,OK,Thread Group 1-2,text,true,,350,589,3,3,http://172.31.90.184:8000,3244,0,1
1687726831846,3479,HTTP Request,200,OK,Thread Group 1-1,text,true,,349,589,3,3,http://172.31.90.184:8000,3479,0,1
1687726833875,3482,HTTP Request,200,OK,Thread Group 1-3,text,true,,350,589,3,3,http://172.31.90.184:8000,3482,0,1
1687726834372,3067,HTTP Request,200,OK,Thread Group 1-2,text,true,,349,589,3,3,http://172.31.90.184:8000,3067,0,0
1687726835194,3348,HTTP Request,200,OK,Thread Group 1-1,text,true,,349,589,3,3,http://172.31.90.184:8000,3348,0,3
1687726837122,3246,HTTP Request,200,OK,Thread Group 1-3,text,true,,349,589,3,3,http://172.31.90.184:8000,3246,0,1
1687726837882,3510,HTTP Request,200,OK,Thread Group 1-2,text,true,,349,589,3,3,http://172.31.90.184:8000,3510,0,1
1687726838394,3199,HTTP Request,200,OK,Thread Group 1-1,text,true,,349,589,3,3,http://172.31.90.184:8000,3199,0,1
1687726840496,3373,HTTP Request,200,OK,Thread Group 1-3,text,true,,350,589,3,3,http://172.31.90.184:8000,3373,0,1
1687726841117,3234,HTTP Request,200,OK,Thread Group 1-2,text,true,,349,589,3,3,http://172.31.90.184:8000,3234,0,1
1687726841705,3312,HTTP Request,200,OK,Thread Group 1-1,text,true,,349,589,3,3,http://172.31.90.184:8000,3312,0,1
1687726844023,3527,HTTP Request,200,OK,Thread Group 1-3,text,true,,349,589,3,3,http://172.31.90.184:8000,3527,0,0
1687726844193,3076,HTTP Request,200,OK,Thread Group 1-2,text,true,,349,589,3,3,http://172.31.90.184:8000,3076,0,1
1687726845004,3298,HTTP Request,200,OK,Thread Group 1-1,text,true,,349,589,3,3,http://172.31.90.184:8000,3298,0,1
1687726847268,3075,HTTP Request,200,OK,Thread Group 1-2,text,true,,349,589,3,3,http://172.31.90.184:8000,3075,0,1
1687726847506,3483,HTTP Request,200,OK,Thread Group 1-3,text,true,,349,589,3,3,http://172.31.90.184:8000,3483,0,1
1687726848423,3418,HTTP Request,200,OK,Thread Group 1-1,text,true,,349,589,3,3,http://172.31.90.184:8000,3418,0,1
1687726850160,2891,HTTP Request,200,OK,Thread Group 1-2,text,true,,349,589,3,3,http://172.31.90.184:8000,2890,0,1
1687726850889,3382,HTTP Request,200,OK,Thread Group 1-3,text,true,,349,589,3,3,http://172.31.90.184:8000,3382,0,0
1687726851975,3551,HTTP Request,200,OK,Thread Group 1-1,text,true,,349,589,3,3,http://172.31.90.184:8000,3550,0,1
1687726853234,3074,HTTP Request,200,OK,Thread Group 1-2,text,true,,350,589,3,3,http://172.31.90.184:8000,3074,0,2
1687726854448,3559,HTTP Request,200,OK,Thread Group 1-3,text,true,,350,589,3,3,http://172.31.90.184:8000,3559,0,1
1687726855400,3425,HTTP Request,200,OK,Thread Group 1-1,text,true,,349,589,3,3,http://172.31.90.184:8000,3425,0,1
1687726856250,3015,HTTP Request,200,OK,Thread Group 1-2,text,true,,349,589,3,3,http://172.31.90.184:8000,3015,0,2
1687726857817,3369,HTTP Request,200,OK,Thread Group 1-3,text,true,,349,589,3,3,http://172.31.90.184:8000,3369,0,2
1687726858594,3194,HTTP Request,200,OK,Thread Group 1-1,text,true,,348,589,3,3,http://172.31.90.184:8000,3194,0,1
1687726859669,3419,HTTP Request,200,OK,Thread Group 1-2,text,true,,349,589,3,3,http://172.31.90.184:8000,3419,0,1
1687726861121,3304,HTTP Request,200,OK,Thread Group 1-3,text,true,,348,589,3,3,http://172.31.90.184:8000,3303,0,1
1687726861895,3300,HTTP Request,200,OK,Thread Group 1-1,text,true,,349,589,3,3,http://172.31.90.184:8000,3300,0,2
1687726863426,3755,HTTP Request,200,OK,Thread Group 1-2,text,true,,349,589,3,3,http://172.31.90.184:8000,3755,0,0
1687726864858,3736,HTTP Request,200,OK,Thread Group 1-3,text,true,,349,589,3,3,http://172.31.90.184:8000,3736,0,1
1687726865515,3619,HTTP Request,200,OK,Thread Group 1-1,text,true,,349,589,3,3,http://172.31.90.184:8000,3619,0,1
1687726867014,3588,HTTP Request,200,OK,Thread Group 1-2,text,true,,349,589,3,3,http://172.31.90.184:8000,3588,0,1
1687726868316,3457,HTTP Request,200,OK,Thread Group 1-3,text,true,,349,589,3,3,http://172.31.90.184:8000,3457,0,1
1687726868793,3278,HTTP Request,200,OK,Thread Group 1-1,text,true,,348,589,3,3,http://172.31.90.184:8000,3278,0,1
1687726870180,3165,HTTP Request,200,OK,Thread Group 1-2,text,true,,349,589,3,3,http://172.31.90.184:8000,3165,0,0
1687726871466,3150,HTTP Request,200,OK,Thread Group 1-3,text,true,,349,589,3,3,http://172.31.90.184:8000,3150,0,1
1687726872387,3594,HTTP Request,200,OK,Thread Group 1-1,text,true,,349,589,3,3,http://172.31.90.184:8000,3594,0,1
1687726873254,3072,HTTP Request,200,OK,Thread Group 1-2,text,true,,349,589,3,3,http://172.31.90.184:8000,3072,0,1
1687726874785,3317,HTTP Request,200,OK,Thread Group 1-3,text,true,,349,589,3,3,http://172.31.90.184:8000,3317,0,1
1687726875670,3283,HTTP Request,200,OK,Thread Group 1-1,text,true,,348,589,3,3,http://172.31.90.184:8000,3283,0,1
1687726876644,3390,HTTP Request,200,OK,Thread Group 1-2,text,true,,350,589,3,3,http://172.31.90.184:8000,3390,0,0
1687726878030,3245,HTTP Request,200,OK,Thread Group 1-3,text,true,,349,589,3,3,http://172.31.90.184:8000,3245,0,1
1687726879062,3392,HTTP Request,200,OK,Thread Group 1-1,text,true,,349,589,3,3,http://172.31.90.184:8000,3392,0,1
1687726879906,3261,HTTP Request,200,OK,Thread Group 1-2,text,true,,349,589,3,3,http://172.31.90.184:8000,3261,0,1
1687726881177,3146,HTTP Request,200,OK,Thread Group 1-3,text,true,,349,589,3,3,http://172.31.90.184:8000,3146,0,3
1687726882377,3314,HTTP Request,200,OK,Thread Group 1-1,text,true,,349,589,3,3,http://172.31.90.184:8000,3314,0,1
1687726883186,3279,HTTP Request,200,OK,Thread Group 1-2,text,true,,349,589,3,3,http://172.31.90.184:8000,3279,0,1
1687726884613,3435,HTTP Request,200,OK,Thread Group 1-3,text,true,,349,589,3,3,http://172.31.90.184:8000,3435,0,1
1687726885610,3232,HTTP Request,200,OK,Thread Group 1-1,text,true,,347,589,3,3,http://172.31.90.184:8000,3232,0,1
1687726886517,3330,HTTP Request,200,OK,Thread Group 1-2,text,true,,348,589,3,3,http://172.31.90.184:8000,3330,0,0
1687726887837,3222,HTTP Request,200,OK,Thread Group 1-3,text,true,,349,589,3,3,http://172.31.90.184:8000,3222,0,1
1687726888810,3200,HTTP Request,200,OK,Thread Group 1-1,text,true,,349,589,3,3,http://172.31.90.184:8000,3200,0,1
1687726889987,3470,HTTP Request,200,OK,Thread Group 1-2,text,true,,349,589,3,3,http://172.31.90.184:8000,3470,0,1
1687726891130,3293,HTTP Request,200,OK,Thread Group 1-3,text,true,,349,589,3,3,http://172.31.90.184:8000,3293,0,1
1687726892061,3251,HTTP Request,200,OK,Thread Group 1-1,text,true,,349,589,3,3,http://172.31.90.184:8000,3251,0,1
1687726893205,3217,HTTP Request,200,OK,Thread Group 1-2,text,true,,349,589,3,3,http://172.31.90.184:8000,3217,0,1
1687726894677,3546,HTTP Request,200,OK,Thread Group 1-3,text,true,,350,589,3,3,http://172.31.90.184:8000,3546,0,2
1687726895425,3363,HTTP Request,200,OK,Thread Group 1-1,text,true,,349,589,3,3,http://172.31.90.184:8000,3363,0,1
1687726896470,3264,HTTP Request,200,OK,Thread Group 1-2,text,true,,349,589,3,3,http://172.31.90.184:8000,3264,0,1
1687726897905,3227,HTTP Request,200,OK,Thread Group 1-3,text,true,,349,589,3,3,http://172.31.90.184:8000,3227,0,1
1687726898743,3317,HTTP Request,200,OK,Thread Group 1-1,text,true,,349,589,3,3,http://172.31.90.184:8000,3317,0,1
1687726899755,3285,HTTP Request,200,OK,Thread Group 1-2,text,true,,349,589,3,3,http://172.31.90.184:8000,3285,0,1
1687726901046,3140,HTTP Request,200,OK,Thread Group 1-3,text,true,,349,589,3,3,http://172.31.90.184:8000,3140,0,0
1687726902150,3406,HTTP Request,200,OK,Thread Group 1-1,text,true,,349,589,3,3,http://172.31.90.184:8000,3406,0,1
1687726903195,3439,HTTP Request,200,OK,Thread Group 1-2,text,true,,349,589,3,3,http://172.31.90.184:8000,3439,0,1
1687726904253,3206,HTTP Request,200,OK,Thread Group 1-3,text,true,,349,589,3,3,http://172.31.90.184:8000,3206,0,1
1687726905359,3208,HTTP Request,200,OK,Thread Group 1-1,text,true,,349,589,3,3,http://172.31.90.184:8000,3208,0,0
1687726906605,3409,HTTP Request,200,OK,Thread Group 1-2,text,true,,349,589,3,3,http://172.31.90.184:8000,3409,0,2
1687726907616,3362,HTTP Request,200,OK,Thread Group 1-3,text,true,,349,589,3,3,http://172.31.90.184:8000,3362,0,1
1687726908542,3183,HTTP Request,200,OK,Thread Group 1-1,text,true,,350,589,3,3,http://172.31.90.184:8000,3183,0,1
1687726909845,3240,HTTP Request,200,OK,Thread Group 1-2,text,true,,349,589,3,3,http://172.31.90.184:8000,3240,0,1
1687726910910,3293,HTTP Request,200,OK,Thread Group 1-3,text,true,,349,589,3,3,http://172.31.90.184:8000,3293,0,1
1687726911929,3386,HTTP Request,200,OK,Thread Group 1-1,text,true,,349,589,3,3,http://172.31.90.184:8000,3386,0,0
1687726913158,3312,HTTP Request,200,OK,Thread Group 1-2,text,true,,349,589,3,3,http://172.31.90.184:8000,3312,0,1
1687726914151,3240,HTTP Request,200,OK,Thread Group 1-3,text,true,,349,589,3,3,http://172.31.90.184:8000,3240,0,1
1687726915328,3398,HTTP Request,200,OK,Thread Group 1-1,text,true,,349,589,3,3,http://172.31.90.184:8000,3398,0,1
1687726916434,3276,HTTP Request,200,OK,Thread Group 1-2,text,true,,349,589,3,3,http://172.31.90.184:8000,3276,0,1
1687726917223,3072,HTTP Request,200,OK,Thread Group 1-3,text,true,,349,589,3,3,http://172.31.90.184:8000,3071,0,1
1687726918828,3499,HTTP Request,200,OK,Thread Group 1-1,text,true,,350,589,3,3,http://172.31.90.184:8000,3499,0,1
1687726919819,3385,HTTP Request,200,OK,Thread Group 1-2,text,true,,349,589,3,3,http://172.31.90.184:8000,3385,0,1
1687726920465,3242,HTTP Request,200,OK,Thread Group 1-3,text,true,,349,589,3,3,http://172.31.90.184:8000,3242,0,1
1687726922326,3498,HTTP Request,200,OK,Thread Group 1-1,text,true,,349,589,3,3,http://172.31.90.184:8000,3498,0,1
1687726923671,3852,HTTP Request,200,OK,Thread Group 1-2,text,true,,350,589,3,3,http://172.31.90.184:8000,3852,0,1
1687726924407,3943,HTTP Request,200,OK,Thread Group 1-3,text,true,,348,589,3,3,http://172.31.90.184:8000,3943,0,1
1687726926025,3698,HTTP Request,200,OK,Thread Group 1-1,text,true,,349,589,3,3,http://172.31.90.184:8000,3698,0,0
1687726927093,3421,HTTP Request,200,OK,Thread Group 1-2,text,true,,349,589,3,3,http://172.31.90.184:8000,3421,0,1
1687726927606,3199,HTTP Request,200,OK,Thread Group 1-3,text,true,,349,589,3,3,http://172.31.90.184:8000,3199,0,4
1687726929404,3379,HTTP Request,200,OK,Thread Group 1-1,text,true,,349,589,3,3,http://172.31.90.184:8000,3379,0,1
1687726930568,3474,HTTP Request,200,OK,Thread Group 1-2,text,true,,349,589,3,3,http://172.31.90.184:8000,3474,0,0
1687726930746,3139,HTTP Request,200,OK,Thread Group 1-3,text,true,,349,589,3,3,http://172.31.90.184:8000,3139,0,3
1687726932676,3271,HTTP Request,200,OK,Thread Group 1-1,text,true,,349,589,3,3,http://172.31.90.184:8000,3271,0,4
1687726933819,3250,HTTP Request,200,OK,Thread Group 1-2,text,true,,349,589,3,3,http://172.31.90.184:8000,3250,0,0
1687726934020,3273,HTTP Request,200,OK,Thread Group 1-3,text,true,,349,589,3,3,http://172.31.90.184:8000,3273,0,0
1687726936228,3551,HTTP Request,200,OK,Thread Group 1-1,text,true,,349,589,3,3,http://172.31.90.184:8000,3551,0,0
1687726937159,3139,HTTP Request,200,OK,Thread Group 1-3,text,true,,349,589,3,3,http://172.31.90.184:8000,3139,0,1
1687726937212,3392,HTTP Request,200,OK,Thread Group 1-2,text,true,,350,589,3,3,http://172.31.90.184:8000,3392,0,1
1687726939327,3098,HTTP Request,200,OK,Thread Group 1-1,text,true,,349,589,3,3,http://172.31.90.184:8000,3098,0,1
1687726940444,3284,HTTP Request,200,OK,Thread Group 1-3,text,true,,349,589,3,3,http://172.31.90.184:8000,3283,0,1
1687726940781,3569,HTTP Request,200,OK,Thread Group 1-2,text,true,,348,589,3,3,http://172.31.90.184:8000,3569,0,1
1687726942504,3175,HTTP Request,200,OK,Thread Group 1-1,text,true,,349,589,3,3,http://172.31.90.184:8000,3175,0,0
1687726943534,3089,HTTP Request,200,OK,Thread Group 1-3,text,true,,350,589,3,3,http://172.31.90.184:8000,3089,0,1
1687726944330,3548,HTTP Request,200,OK,Thread Group 1-2,text,true,,350,589,3,3,http://172.31.90.184:8000,3548,0,1
1687726945753,3249,HTTP Request,200,OK,Thread Group 1-1,text,true,,349,589,3,3,http://172.31.90.184:8000,3249,0,1
1687726946769,3234,HTTP Request,200,OK,Thread Group 1-3,text,true,,349,589,3,3,http://172.31.90.184:8000,3234,0,1
1687726947552,3221,HTTP Request,200,OK,Thread Group 1-2,text,true,,348,589,3,3,http://172.31.90.184:8000,3221,0,1
1687726949368,3614,HTTP Request,200,OK,Thread Group 1-1,text,true,,349,589,3,3,http://172.31.90.184:8000,3614,0,0
1687726949912,3143,HTTP Request,200,OK,Thread Group 1-3,text,true,,349,589,3,3,http://172.31.90.184:8000,3143,0,1
1687726951007,3455,HTTP Request,200,OK,Thread Group 1-2,text,true,,349,589,3,3,http://172.31.90.184:8000,3455,0,1
1687726952397,3027,HTTP Request,200,OK,Thread Group 1-1,text,true,,349,589,3,3,http://172.31.90.184:8000,3027,0,1
1687726953245,3333,HTTP Request,200,OK,Thread Group 1-3,text,true,,350,589,3,3,http://172.31.90.184:8000,3332,0,1
1687726954352,3345,HTTP Request,200,OK,Thread Group 1-2,text,true,,350,589,3,3,http://172.31.90.184:8000,3345,0,1
1687726955839,3442,HTTP Request,200,OK,Thread Group 1-1,text,true,,349,589,3,3,http://172.31.90.184:8000,3442,0,1
1687726956796,3552,HTTP Request,200,OK,Thread Group 1-3,text,true,,350,589,3,3,http://172.31.90.184:8000,3552,0,1
1687726957449,3097,HTTP Request,200,OK,Thread Group 1-2,text,true,,349,589,3,3,http://172.31.90.184:8000,3096,0,0
1687726959211,3373,HTTP Request,200,OK,Thread Group 1-1,text,true,,348,589,3,3,http://172.31.90.184:8000,3373,0,1
1687726959943,3146,HTTP Request,200,OK,Thread Group 1-3,text,true,,349,589,3,3,http://172.31.90.184:8000,3146,0,1
1687726960674,3225,HTTP Request,200,OK,Thread Group 1-2,text,true,,349,589,3,3,http://172.31.90.184:8000,3225,0,1
1687726962712,3500,HTTP Request,200,OK,Thread Group 1-1,text,true,,348,589,3,3,http://172.31.90.184:8000,3500,0,0
1687726963337,3393,HTTP Request,200,OK,Thread Group 1-3,text,true,,349,589,3,3,http://172.31.90.184:8000,3393,0,1
1687726963850,3176,HTTP Request,200,OK,Thread Group 1-2,text,true,,349,589,3,3,http://172.31.90.184:8000,3176,0,1
1687726965918,3205,HTTP Request,200,OK,Thread Group 1-1,text,true,,349,589,3,3,http://172.31.90.184:8000,3205,0,1
1687726966649,3312,HTTP Request,200,OK,Thread Group 1-3,text,true,,349,589,3,3,http://172.31.90.184:8000,3312,0,1
1687726967228,3377,HTTP Request,200,OK,Thread Group 1-2,text,true,,349,589,3,3,http://172.31.90.184:8000,3377,0,1
1687726969259,3340,HTTP Request,200,OK,Thread Group 1-1,text,true,,349,589,3,3,http://172.31.90.184:8000,3340,0,1
1687726969900,3250,HTTP Request,200,OK,Thread Group 1-3,text,true,,348,589,3,3,http://172.31.90.184:8000,3250,0,1
1687726970527,3299,HTTP Request,200,OK,Thread Group 1-2,text,true,,350,589,3,3,http://172.31.90.184:8000,3299,0,1
1687726972214,2955,HTTP Request,200,OK,Thread Group 1-1,text,true,,349,589,3,3,http://172.31.90.184:8000,2955,0,1
1687726973195,3295,HTTP Request,200,OK,Thread Group 1-3,text,true,,349,589,3,3,http://172.31.90.184:8000,3295,0,1
1687726973958,3430,HTTP Request,200,OK,Thread Group 1-2,text,true,,349,589,3,3,http://172.31.90.184:8000,3430,0,0
1687726975421,3206,HTTP Request,200,OK,Thread Group 1-1,text,true,,349,589,3,3,http://172.31.90.184:8000,3206,0,1
1687726976729,3532,HTTP Request,200,OK,Thread Group 1-3,text,true,,349,589,3,3,http://172.31.90.184:8000,3532,0,1
1687726977036,3077,HTTP Request,200,OK,Thread Group 1-2,text,true,,349,589,3,3,http://172.31.90.184:8000,3077,0,1
1687726978837,3411,HTTP Request,200,OK,Thread Group 1-1,text,true,,350,589,3,3,http://172.31.90.184:8000,3411,0,2
1687726979927,3198,HTTP Request,200,OK,Thread Group 1-3,text,true,,349,589,3,3,http://172.31.90.184:8000,3198,0,1
1687726980391,3355,HTTP Request,200,OK,Thread Group 1-2,text,true,,348,589,3,3,http://172.31.90.184:8000,3355,0,1
1687726982934,4096,HTTP Request,200,OK,Thread Group 1-1,text,true,,349,589,3,3,http://172.31.90.184:8000,4096,0,1
1687726984290,4362,HTTP Request,200,OK,Thread Group 1-3,text,true,,350,589,3,3,http://172.31.90.184:8000,4362,0,1
1687726984510,4119,HTTP Request,200,OK,Thread Group 1-2,text,true,,349,589,3,3,http://172.31.90.184:8000,4119,0,1
1687726986236,3301,HTTP Request,200,OK,Thread Group 1-1,text,true,,350,589,3,3,http://172.31.90.184:8000,3301,0,0
1687726987616,3326,HTTP Request,200,OK,Thread Group 1-3,text,true,,349,589,3,3,http://172.31.90.184:8000,3326,0,1
1687726987995,3484,HTTP Request,200,OK,Thread Group 1-2,text,true,,349,589,3,3,http://172.31.90.184:8000,3484,0,3
1687726989281,3045,HTTP Request,200,OK,Thread Group 1-1,text,true,,350,589,3,3,http://172.31.90.184:8000,3045,0,2
1687726990846,3229,HTTP Request,200,OK,Thread Group 1-3,text,true,,349,589,3,3,http://172.31.90.184:8000,3229,0,1
1687726991396,3401,HTTP Request,200,OK,Thread Group 1-2,text,true,,349,589,3,3,http://172.31.90.184:8000,3401,0,1
1687726992856,3576,HTTP Request,200,OK,Thread Group 1-1,text,true,,349,589,3,3,http://172.31.90.184:8000,3576,0,1
1687726994109,3264,HTTP Request,200,OK,Thread Group 1-3,text,true,,349,589,3,3,http://172.31.90.184:8000,3264,0,1
1687726994590,3195,HTTP Request,200,OK,Thread Group 1-2,text,true,,349,589,3,3,http://172.31.90.184:8000,3195,0,2
1687726996287,3431,HTTP Request,200,OK,Thread Group 1-1,text,true,,349,589,3,3,http://172.31.90.184:8000,3431,0,1
1687726997162,3052,HTTP Request,200,OK,Thread Group 1-3,text,true,,350,589,3,3,http://172.31.90.184:8000,3052,0,1
1687726998008,3417,HTTP Request,200,OK,Thread Group 1-2,text,true,,349,589,3,3,http://172.31.90.184:8000,3417,0,1
1687726999510,3223,HTTP Request,200,OK,Thread Group 1-1,text,true,,349,589,3,3,http://172.31.90.184:8000,3223,0,1
1687727000407,3245,HTTP Request,200,OK,Thread Group 1-3,text,true,,349,589,3,3,http://172.31.90.184:8000,3245,0,1
1687727001376,3367,HTTP Request,200,OK,Thread Group 1-2,text,true,,348,589,3,3,http://172.31.90.184:8000,3367,0,1
1687727002669,3159,HTTP Request,200,OK,Thread Group 1-1,text,true,,349,589,3,3,http://172.31.90.184:8000,3159,0,1
1687727003716,3308,HTTP Request,200,OK,Thread Group 1-3,text,true,,349,589,3,3,http://172.31.90.184:8000,3308,0,0
1687727004964,3587,HTTP Request,200,OK,Thread Group 1-2,text,true,,349,589,3,3,http://172.31.90.184:8000,3587,0,1
1687727005878,3209,HTTP Request,200,OK,Thread Group 1-1,text,true,,349,589,3,3,http://172.31.90.184:8000,3209,0,1
1687727007001,3285,HTTP Request,200,OK,Thread Group 1-3,text,true,,349,589,3,3,http://172.31.90.184:8000,3285,0,1
1687727008177,3212,HTTP Request,200,OK,Thread Group 1-2,text,true,,349,589,3,3,http://172.31.90.184:8000,3212,0,1
1687727009177,3298,HTTP Request,200,OK,Thread Group 1-1,text,true,,349,589,3,3,http://172.31.90.184:8000,3298,0,1
1687727010199,3198,HTTP Request,200,OK,Thread Group 1-3,text,true,,349,589,3,3,http://172.31.90.184:8000,3198,0,1
1687727011546,3367,HTTP Request,200,OK,Thread Group 1-2,text,true,,349,589,3,3,http://172.31.90.184:8000,3367,0,0
1687727012573,3394,HTTP Request,200,OK,Thread Group 1-1,text,true,,349,589,3,3,http://172.31.90.184:8000,3394,0,1
1687727013435,3235,HTTP Request,200,OK,Thread Group 1-3,text,true,,348,589,3,3,http://172.31.90.184:8000,3235,0,1
1687727014747,3200,HTTP Request,200,OK,Thread Group 1-2,text,true,,349,589,3,3,http://172.31.90.184:8000,3200,0,1
1687727016095,3521,HTTP Request,200,OK,Thread Group 1-1,text,true,,349,589,3,3,http://172.31.90.184:8000,3521,0,1
1687727016738,3302,HTTP Request,200,OK,Thread Group 1-3,text,true,,350,589,3,3,http://172.31.90.184:8000,3301,0,1
1687727018102,3354,HTTP Request,200,OK,Thread Group 1-2,text,true,,349,589,3,3,http://172.31.90.184:8000,3354,0,1
1687727019672,3576,HTTP Request,200,OK,Thread Group 1-1,text,true,,349,589,3,3,http://172.31.90.184:8000,3575,0,1
1687727020173,3435,HTTP Request,200,OK,Thread Group 1-3,text,true,,349,589,3,3,http://172.31.90.184:8000,3435,0,1
1687727021593,3491,HTTP Request,200,OK,Thread Group 1-2,text,true,,349,589,3,3,http://172.31.90.184:8000,3491,0,1
1687727022884,3212,HTTP Request,200,OK,Thread Group 1-1,text,true,,349,589,3,3,http://172.31.90.184:8000,3212,0,1
1687727023500,3327,HTTP Request,200,OK,Thread Group 1-3,text,true,,349,589,3,3,http://172.31.90.184:8000,3327,0,3
1687727024887,3294,HTTP Request,200,OK,Thread Group 1-2,text,true,,349,589,3,3,http://172.31.90.184:8000,3294,0,1
1687727026306,3421,HTTP Request,200,OK,Thread Group 1-1,text,true,,349,589,3,3,http://172.31.90.184:8000,3421,0,2
1687727026854,3353,HTTP Request,200,OK,Thread Group 1-3,text,true,,348,589,3,3,http://172.31.90.184:8000,3353,0,1
1687727028063,3175,HTTP Request,200,OK,Thread Group 1-2,text,true,,349,589,3,3,http://172.31.90.184:8000,3175,0,1
1687727029610,3304,HTTP Request,200,OK,Thread Group 1-1,text,true,,349,589,3,3,http://172.31.90.184:8000,3304,0,3
1687727030219,3365,HTTP Request,200,OK,Thread Group 1-3,text,true,,349,589,3,3,http://172.31.90.184:8000,3365,0,1
1687727031414,3351,HTTP Request,200,OK,Thread Group 1-2,text,true,,349,589,3,3,http://172.31.90.184:8000,3351,0,0
1687727032837,3228,HTTP Request,200,OK,Thread Group 1-1,text,true,,349,589,3,3,http://172.31.90.184:8000,3228,0,1
1687727033588,3370,HTTP Request,200,OK,Thread Group 1-3,text,true,,349,589,3,3,http://172.31.90.184:8000,3370,0,1
1687727034749,3335,HTTP Request,200,OK,Thread Group 1-2,text,true,,349,589,3,3,http://172.31.90.184:8000,3335,0,1
1687727036305,3467,HTTP Request,200,OK,Thread Group 1-1,text,true,,350,589,3,3,http://172.31.90.184:8000,3467,0,0
1687727037015,3427,HTTP Request,200,OK,Thread Group 1-3,text,true,,349,589,3,3,http://172.31.90.184:8000,3427,0,1
1687727037950,3200,HTTP Request,200,OK,Thread Group 1-2,text,true,,349,589,3,3,http://172.31.90.184:8000,3200,0,0
1687727039303,2998,HTTP Request,200,OK,Thread Group 1-1,text,true,,349,589,3,3,http://172.31.90.184:8000,2998,0,1
1687727040348,3333,HTTP Request,200,OK,Thread Group 1-3,text,true,,349,589,3,3,http://172.31.90.184:8000,3333,0,1
1687727041941,3991,HTTP Request,200,OK,Thread Group 1-2,text,true,,350,589,3,3,http://172.31.90.184:8000,3991,0,1
1687727043254,3951,HTTP Request,200,OK,Thread Group 1-1,text,true,,349,589,3,3,http://172.31.90.184:8000,3951,0,1
1687727044211,3862,HTTP Request,200,OK,Thread Group 1-3,text,true,,350,589,3,3,http://172.31.90.184:8000,3862,0,1
1687727045270,3329,HTTP Request,200,OK,Thread Group 1-2,text,true,,348,589,3,3,http://172.31.90.184:8000,3329,0,1
1687727046653,3398,HTTP Request,200,OK,Thread Group 1-1,text,true,,349,589,3,3,http://172.31.90.184:8000,3398,0,1
1687727047556,3345,HTTP Request,200,OK,Thread Group 1-3,text,true,,349,589,3,3,http://172.31.90.184:8000,3345,0,1
1687727048458,3187,HTTP Request,200,OK,Thread Group 1-2,text,true,,350,589,3,3,http://172.31.90.184:8000,3187,0,1
1687727050124,3470,HTTP Request,200,OK,Thread Group 1-1,text,true,,349,589,3,3,http://172.31.90.184:8000,3470,0,0
1687727050825,3269,HTTP Request,200,OK,Thread Group 1-3,text,true,,349,589,3,3,http://172.31.90.184:8000,3269,0,1
1687727051705,3246,HTTP Request,200,OK,Thread Group 1-2,text,true,,349,589,3,3,http://172.31.90.184:8000,3246,0,0
1687727053454,3330,HTTP Request,200,OK,Thread Group 1-1,text,true,,347,589,3,3,http://172.31.90.184:8000,3330,0,1
1687727054184,3358,HTTP Request,200,OK,Thread Group 1-3,text,true,,349,589,3,3,http://172.31.90.184:8000,3358,0,0
1687727054993,3287,HTTP Request,200,OK,Thread Group 1-2,text,true,,349,589,3,3,http://172.31.90.184:8000,3287,0,1
1687727056814,3358,HTTP Request,200,OK,Thread Group 1-1,text,true,,349,589,3,3,http://172.31.90.184:8000,3358,0,1
1687727057329,3143,HTTP Request,200,OK,Thread Group 1-3,text,true,,349,589,3,3,http://172.31.90.184:8000,3143,0,0
1687727058327,3333,HTTP Request,200,OK,Thread Group 1-2,text,true,,349,589,3,3,http://172.31.90.184:8000,3333,0,1
1687727060028,3213,HTTP Request,200,OK,Thread Group 1-1,text,true,,349,589,3,3,http://172.31.90.184:8000,3213,0,1
1687727060690,3360,HTTP Request,200,OK,Thread Group 1-3,text,true,,349,589,3,3,http://172.31.90.184:8000,3360,0,1
1687727061473,3145,HTTP Request,200,OK,Thread Group 1-2,text,true,,349,589,3,3,http://172.31.90.184:8000,3145,0,1
1687727063155,3126,HTTP Request,200,OK,Thread Group 1-1,text,true,,349,589,3,3,http://172.31.90.184:8000,3126,0,1
1687727064245,3555,HTTP Request,200,OK,Thread Group 1-3,text,true,,349,589,3,3,http://172.31.90.184:8000,3555,0,1
1687727064736,3263,HTTP Request,200,OK,Thread Group 1-2,text,true,,349,589,3,3,http://172.31.90.184:8000,3263,0,1
1687727066535,3379,HTTP Request,200,OK,Thread Group 1-1,text,true,,349,589,3,3,http://172.31.90.184:8000,3379,0,0
1687727067456,3210,HTTP Request,200,OK,Thread Group 1-3,text,true,,350,589,3,3,http://172.31.90.184:8000,3209,0,1
1687727067918,3182,HTTP Request,200,OK,Thread Group 1-2,text,true,,349,589,3,3,http://172.31.90.184:8000,3182,0,1
1687727069762,3226,HTTP Request,200,OK,Thread Group 1-1,text,true,,349,589,3,3,http://172.31.90.184:8000,3226,0,0
1687727071125,3207,HTTP Request,200,OK,Thread Group 1-2,text,true,,350,589,3,3,http://172.31.90.184:8000,3207,0,1
1687727071126,3670,HTTP Request,200,OK,Thread Group 1-3,text,true,,350,589,3,3,http://172.31.90.184:8000,3670,0,1
1687727072407,2646,HTTP Request,200,OK,Thread Group 1-1,text,true,,349,589,2,2,http://172.31.90.184:8000,2646,0,1
1687727073042,1916,HTTP Request,200,OK,Thread Group 1-3,text,true,,349,589,1,1,http://172.31.90.184:8000,1916,0,0
